id,server,typserveru,osobaid,datum,origid,url,text,pocetSlov,tags,prepisAudia,DbCreated,DbCreatedBy
90d27962abefb82848d5edfda3e5238c,Youtube,video,andrej-babis,2021-09-13T00:00:00+02:00,EnJA6e1kbkg,https://www.youtube.com/watch?v=EnJA6e1kbkg,"Jak vypadÃ¡ katastrofÃ¡lnÃ­ pirÃ¡tskÃ© vedenÃ­ Prahy?
Patrik se s tÃ­m nemaÅ¾e a Å™ekne vÃ¡m, jak doopravdy vypadÃ¡ vedenÃ­ Prahy v podÃ¡nÃ­ PirÃ¡tÅ¯.",0,babiÅ¡ ano hnutÃ­ 2011 zeman miloÅ¡ premiÃ©r vlÃ¡da ods fiala kdu Ässd financÃ­ ÄapÃ­ okamura spd filip pirÃ¡ti hÅ™ib dÃ­ky vÃ¡m kampaÅˆ dÅ¯chody dÅ¯chodci dÅ¯chod malÃ¡ÄovÃ¡ koronavirus covid-19 covid19cz erouÅ¡ka mapy.cz,"",2021-09-13T23:24:18.1245538Z,
514af88d60f3eccdd7aba135e802d0cc,Youtube,video,andrej-babis,2021-09-13T00:00:00+02:00,WOeRoTPxiv0,https://www.youtube.com/watch?v=WOeRoTPxiv0,"PirÃ¡ti chtÄ›jÃ­ rozvrÃ¡tit kulturu a tradice naÅ¡Ã­ zemÄ›
PirÃ¡ti chtÄ›jÃ­ rozvrÃ¡tit kulturu a tradice naÅ¡Ã­ zemÄ›. Budu vÃ¡s brÃ¡nit pÅ™ed nelegÃ¡lnÃ­mi migranty. AÅ¾ do roztrhÃ¡nÃ­ tÄ›la!",0,babiÅ¡ ano hnutÃ­ 2011 zeman miloÅ¡ premiÃ©r vlÃ¡da ods fiala kdu Ässd financÃ­ ÄapÃ­ okamura spd filip pirÃ¡ti hÅ™ib dÃ­ky vÃ¡m kampaÅˆ dÅ¯chody dÅ¯chodci dÅ¯chod malÃ¡ÄovÃ¡ koronavirus covid-19 covid19cz erouÅ¡ka mapy.cz,"",2021-09-13T23:24:12.3625839Z,
77f72ba36c1a06edd693ef7a0bc4c890,Youtube,video,tomio-okamura,2021-09-13T00:00:00+02:00,C395o1hDk9U,https://www.youtube.com/watch?v=C395o1hDk9U,"Tomio Okamura: DneÅ¡nÃ­ aktuality 13.9.2021
https://www.facebook.com/tomio.cz/â€‹â€‹â€‹â€‹
https://www.facebook.com/hnutispd/",0,"","",2021-09-13T23:23:53.2929817Z,
5f850581349432e5bd0769b474b384a0,Youtube,video,andrej-babis,2021-09-12T00:00:00+02:00,6KBomDx64c8,https://www.youtube.com/watch?v=6KBomDx64c8,"Tohle je ÄŒau lidi. DÄ›lÃ¡m ho pro vÃ¡s 4,5 roku kaÅ¾dou nedÄ›li ğŸ˜
Tohle je ÄŒau lidi. DÄ›lÃ¡m ho pro vÃ¡s 4,5 roku kaÅ¾dou nedÄ›li, vÅ¾dycky ta nejaktuÃ¡lnÄ›jÅ¡Ã­ fakta a spousty informacÃ­. Velice mi zÃ¡leÅ¾Ã­ na tom, abych vÃ¡m sdÄ›lil, co dÄ›lÃ¡m. Dneska spalovacÃ­ motory. Jsem absolutnÄ› proti tomu, aby se zakÃ¡zal jejich prodej.

vÃ¡Å¾enÃ­ pÅ™Ã¡telÃ© dÃ¡my a pÃ¡novÃ© vÃ­tÃ¡m vÃ¡s v mÃ©m poÅ™adu Äau lidi 
urÄitÄ› znÃ¡te dÄ›lÃ¡m to od dubna dva sedm nÃ¡s a dÃ¡ to celkem dost prÃ¡ce i kdyÅ¾ je to vÄ›tÅ¡inou kolem dvaceti minut videa ale dÄ›lÃ¡m to vÃ­c neÅ¾ pÅ¯lku nedÄ›le dohledÃ¡vat data informace aby vÃ¡s skuteÄnÄ› sdÄ›lil tu pravdu a tento poÅ™ad samozÅ™ejmÄ› je velice kritizovÃ¡n Å¾e bych nemÄ›l sdÄ›lovat informace ale jÃ¡ jsem Äetl Å¾e je to asi nejvÃ­c sledovÃ¡ny politickÃ½ poÅ™ad na youtube a vÄ›Å™te mi Å¾e mi velice zÃ¡leÅ¾Ã­ na tom aby vÃ¡m kaÅ¾dou nedÄ›li sdÄ›loval co jsem udÄ›lal co se dÄ›je a jakÃ© mÃ¡me nÃ¡zory na to co Ätete mediÃ¡lnÃ­m prostoru Äasto ty informace nejsou sprÃ¡vnÃ© tak teÄ se novÃ©ho no tak novÃ©ho je to Å¾e velkÃ© tÃ©ma pro opozici je inflace jÃ¡ uÅ¾ jsem jednou vlastnÄ› komentoval Å¾e opozice nÃ¡s obviÅˆuje z inflace samozÅ™ejmÄ› je to nesmysl protoÅ¾e kdyÅ¾ se podÃ­vÃ¡me jakÃ© inflace napÅ™Ã­klad ve spojenÃ½ch stÃ¡tech celÃ© ÄtyÅ™i procenta nebo polsku pÄ›t celÃ© ÄtyÅ™i maÄarsku ÄtyÅ™i devÄ›t a v Äesku asi ÄtyÅ™i jedna tak co je hlavnÃ­m dÅ¯vodem no samozÅ™ejmÄ› zdraÅ¾ily suroviny ropa zdraÅ¾ila o ÄtyÅ™icet ÄtyÅ™i procent plyn o devadesÃ¡t ÄtyÅ™i procent lÃ­nÃ­ ÄtyÅ™icet sedm procent meÄ dvacet Å¡est procent bavlna dvacet dva procent cukr dvacet na procent a opozice Å™Ã­kÃ¡ za to mÅ¯Å¾e vlÃ¡da uplny nesmysl ÃºplnÃ½ nesmysl a je to ekonomicky byly toto ekonomicky diletanti kteÅ™Ã­ tomu skuteÄnÄ› nerozumÃ­ a snaÅ¾Ã­ se vÃ¡m vnutit zase nÄ›co Å¾e vlÃ¡da nÄ›co dÄ›lÃ¡ Å¡patnÄ› 
tÅ™eba si pÅ™eÄÃ­st skuteÄnÄ› ÄlÃ¡nky napÅ™Ã­klad jako pan michl nebojte se inflace to chce klid a hlavnÄ› prosÃ­m vÃ¡s je potÅ™eba aby ti kteÅ™Ã­ se tvÃ¡Å™Ã­ Å¾e chce ji Äechy Å™Ã­dit tuto zemi by mÄ›li vÄ›dÄ›t Å¾e inflace inflace vÃ½voj cen mÃ¡ v naÅ¡Ã­ zemi na starosti ÃºstavnÄ› nezÃ¡vislÃ¡ centrÃ¡lnÃ­ banka tedy ÄeskÃ¡ nÃ¡rodnÃ­ banka kterÃ¡ je plnÄ› profesionÃ¡lnÃ­ a naÅ¡e centrÃ¡lnÃ­ banka boj s inflacÃ­ umÃ­ a kdyby se jednalo o nÃ¡znak setrvalÃ©ho vÃ½voje tak urÄitÄ› rÃ¡znÄ› zasÃ¡hne a mÃ¡ k tomuto instrumenty zkuÅ¡enÃ½ tÃ½m takÅ¾e je to povinnosti centrÃ¡lnÃ­ banky aby obÄanÅ¯m vysvÄ›tlila svoji politiku a cenovÃ½ vÃ½voj a samozÅ™ejmÄ› je to i o dÅ¯vÄ›ryhodnosti Äi en p a mÃ¡ to popisu prÃ¡ce co se tÃ½Äe energy ano praskÃ¡ praÅ¾skÃ¡ firma myslÃ­m Å¾e se jmenuje praÅ¾skÃ¡ plynÃ¡renskÃ¡ nebo energetickÃ¡ oznÃ¡mila navÃ½Å¡enÃ­ cen energiÃ­ tam kde my mÃ¡me vliv Äez a je Å¡koda Å¾e ho naÅ¡i pÅ™edchÅ¯dci koalice spolu privatizovat mÄ›l by se podstatnÄ› vyÅ¡Å¡Ã­ vÄ›tÅ¡Ã­ vliv tak tam si myslÃ­me Å¾e to nenÃ­ namÃ­stÄ› takÅ¾e jeÅ¡tÄ› bych rÃ¡d sdÄ›lil koalici spolu kdyÅ¾ nÃ¡s teda tak kritizujÃ­ Å¾e mÃ¡me tady taky vzpomÃ­nku na zaÄÃ¡tek roku dva tisÃ­ce osm tehdÃ¡ byla inflace se mÃ¡ pÅ¯l procenta a tehda pan premiÃ©r topolÃ¡nek a ministr financÃ­ kalousek zvyÅ¡ovat danÄ› zvÃ½Å¡Ã­ lidÃ© b a a vÅ¡echno zdraÅ¾ily a my dÄ›lÃ¡me tady pravÃ½ opak proto Å¾e zkrÃ¡tka i kdyÅ¾ mÃ¡me deficitnÃ­ rozpoÄet tak se dÃ¡ Å™Ã­ct Å¾e ten deficit se pÅ™estÄ›hoval ze stÃ¡tnÃ­ho rozpoÄtu na ÃºÄty obyvatelstva ano a mÃ­sto toho aby skuteÄnÄ› objektivnÄ› bylo posouzeno naÅ¡e zadluÅ¾enÃ­ kterÃ© jedno z nej niÅ¾Å¡Ã­ch a znovu vÃ¡m ukÃ¡Å¾u ten graf novou vÃ¡m ukÃ¡Å¾u tady to je dluh sektoru vlÃ¡dnÃ­ch institucÃ­ jo pÅ™edpoklad tento rok stÃ¡le niÅ¾Å¡Ã­ neÅ¾ nÃ¡m to odevzdala koalice spolu takÅ¾e prosÃ­m vÃ¡s neÅ™Ã­kejte ty nepravdy naÅ¡e zemÄ› na tom velice dobÅ™e velice dobÅ™e teÄka nechci 
Å™Ã­kat ano stouply 
Ãºspory obyvatelstva dramaticky ale ne vÅ¡em se stejnÄ› daÅ™Ã­ je samozÅ™ejmÄ› problÃ©m a my se budeme snaÅ¾it aby se daÅ™ilo vÅ¡em dobÅ™e ale nenastaly twig dramatickÃ© scÃ©nÃ¡Å™e mÃ¡me stÃ¡le plno zamestnana firmy shÃ¡nÄ›j zamÄ›stnance a zkrÃ¡tka naÅ¡e zemÄ› zaÅ¾Ã­vÃ¡ jedno z nejlepÅ¡Ã­ obdobÃ­ nebo nejlepÅ¡Ã­ obdobÃ­ od vzniku samostatnÃ©ho Äeska a co je velice dobrÃ© a je nesmysl pokud nÄ›kdo Å™Ã­kÃ¡ Å¾e kdy jsme snÃ­Å¾ili danÄ› pro lidi je to zapÅ™Ã­Äinilo inflaci ne obÄanÃ© nakupujÃ­ s rozmyslem nesnaÅ¾Ã­ se vyhazet penÃ­ze na cokoliv a chovajÃ­ se zodpovÄ›dnÄ› takÅ¾e nenÃ­ to tak Å¾e tÃ½m Å¾e jsme dali penÃ­ze lidem Å¾e by zpÅ¯sobily nÄ›jakÃ½mi extrÃ©mnÃ­m vysokÃ½mi nÃ¡kupy tu inflaci je to nesmysl a samozÅ™ejmÄ› proÄ je ta inflace no proto Å¾e doÅ¡lo k pÅ™eruÅ¡enÃ­ dodavatelskÃ½ch Å™etÄ›zcÅ¯ a teÄ kdyÅ¾ vlastnÄ› uÅ¾ ta situace s klidem je podstatnÄ› lepÅ¡Ã­ jak byla no tak je velkÃ¡ poptÃ¡vka na surovinu a to vlastnÄ› zapÅ™Ã­ÄiÅˆuje tu situaci jeÅ¡tÄ› k danÃ­m tady mÃ¡m znovu tabulku snÃ­Å¾ili jsme danÄ› pÄ›t set miliard korun takÅ¾e platÃ­ to co mi stÃ¡le Å™Ã­kÃ¡me 
nenechte se straÅ¡it prosÃ­m nenechte se straÅ¡it nenÃ­ to pravda co Å™Ã­kaj a proto my Å™Ã­kÃ¡me hnutÃ­ ano Å¾e jdeme do voleb jako dvacÃ­tka Å¾e prÅ¯mÄ›rnÃ½ dÅ¯chod bude roce dva tisÃ­ce pÄ›t dvacet tisÃ­c ano my jsme umÄ›li sniÅ¾ovat dlu budeme ho sniÅ¾ovat a nemÃ¡te se Äeho bÃ¡t i rÅ¯znÃ© nesmyslnÃ© vyjÃ¡dÅ™enÃ­ rÅ¯znÃ½ch pop ekonomÅ¯ kteÅ™Ã­ nebyli nikdy v reÃ¡lu na svÃ½ch pozicÃ­ch prosÃ­m vÃ¡s nevÄ›Å™te nevÄ›Å™ili tomu naÅ¡e veÅ™ejnÃ© finance se na to velice dobÅ™e a my jsme se taky panÃ­ Å¡ilerovÃ¡ po vila vlastnÃ­ iniciativu rakouskÃ©ho ministra financÃ­ kterÃ½ pÅ™iÅ¡el a vyzval evropskou komisi na zachovÃ¡nÃ­ odpovÄ›dnÄ› fiskÃ¡lnÃ­ politiky zajiÅ¡Å¥ujÃ­cÃ­ udrÅ¾itelnÃ© veÅ™ejnÃ© finance jÃ¡ jsem nedÃ¡vno potkal ministra mi premiÃ©ra kanclÃ©Å™e sebastiana kurz mi Å™ek Å¾e jsou zadluÅ¾eni osmdesÃ¡t pÄ›t procent slovÃ¡ci majÃ­ Å¡edesÃ¡t my mÃ¡me stÃ¡le ÄtyÅ™icet ÄtyÅ™i a mÃ¡me Å¡estÃ¡ nejmÃ©nÄ› zadluÅ¾enÃ¡ zemÄ› takÅ¾e pÅ™edvolba mÃ¡m vÃ¡s tady nÄ›kdo stÃ¡le straÅ¡Ã­ je to samozÅ™ejmÄ› nesmysl jsme na tom velice dobÅ™e a pokud my budeme ve vlÃ¡dÄ› jako hnutÃ­ ano tak budeme na tomto budeme na tom dobÅ™e takÅ¾e 
jeÅ¡tÄ› bych chtÄ›l k tomu Å™Ã­ct jednu vÄ›c tady 
moÅ¾nÃ¡ se sledovali ty debaty denÃ­ku 
kaÅ¾dou stÅ™edu a pokud se na to podÃ­vÃ¡te tak zjistÃ­te Å¾e Å¾e ta panÃ­ redaktorka nenÃ­ ÃºplnÄ› korektnÃ­ a je to vlastnÄ› jak u moravce kde uÅ¾ nechodÃ­m protoÅ¾e tam to bylo vÅ¾dycky sÃ¡m proti tÅ™em a tady je to stejnÃ½ a co je nejhorÅ¡Ã­ Å¾e ta panÃ­ redaktorka udÄ›lala rozhovor s takovÃ½m pop ekonomem kterÃ½ tam brutÃ¡lnÄ› Å™Ã­kÃ¡ nepravdy kterÃ½ Å™Ã­kÃ¡ Å¾e na obsluhu stÃ¡tnÃ­ho dluhu bylo ÄtyÅ™icet miliard ale zÃ¡hy se dostaneme na ÄÃ¡stku sto miliard to je neuvÄ›Å™itelnÃ¡ leÅ¾ proto Å¾e ta sprÃ¡vnÃ¡ ÄÃ¡stka na obsluhu dluhu mimochodem koalice spolu kdyÅ¾ konÄila tak v roce dva tÅ™i nÃ¡s to bylo padesÃ¡t sedm celÃ© osm miliardy a skuteÄnost za rok dvaadvacet jiÅ¾ ÄtyÅ™icet miliard a vÃ½hled dvacet jedna ÄtyÅ™icet dva takÅ¾e Å¾Ã¡dnÃ½ sto lijÃ¡k a mÄ› velice mrzÃ­ Å¾e panÃ­ redaktorka si neovÄ›Å™Ã­ ty ÄÃ­sla staÄÃ­ zavolat na mimi financÃ­ a tam vÃ¡m to Å™eknou takÅ¾e potom takovÃ© dle pop ekonom Å™ekne nÄ›jakÃ½ nesmysl a vÅ¡ichni to opakujÃ­ a samozÅ™ejmÄ› nenÃ­ to nenÃ­ to pravda takÅ¾e tolik k tomu k tÄ›mto vÄ›cem jsme na tom dobÅ™e zaÅ¾Ã­vÃ¡me nejlepÅ¡Ã­ obdobÃ­ a jÃ¡ chodÃ­m mezi lidi a oni to vÄ›dÃ­ oni totiÅ¾ vidÃ­ vidÃ­ to kaÅ¾dÃ½ den Å¾e dÃ­ky naÅ¡Ã­ vlÃ¡da dÃ­ky hlavnÄ› hnutÃ­ ano je na tom velice dobÅ™e ne rychle k oÄkovÃ¡nÃ­ 
ano my jsme dosÃ¡hli uÅ¾ 
prvnÃ­ dÃ¡vku 
vÃ­ce neÅ¾ Å¡est milionÅ¯ osob 
teÄ 
organizujeme vlastnÄ› posilovacÃ­ vakcÃ­nu to znamenÃ¡ Å¾e primÃ¡rnÄ› je to pro lidi starÅ¡Ã­ Å¡edesÃ¡t let mÄ›li by se hlavnÄ› oÄkovat zdravotnictvÃ­ je zamÄ›stnanci zaÅ™Ã­zenÃ­ sociÃ¡lnÃ­ pÃ©Äe budete dostÃ¡vat esemesky 
vÅ¡ichni ti kteÅ™Ã­ byli na oÄkovÃ¡nÃ­ pÅ™ed osmi mÄ›sÃ­ci tak dostanou esemesku je to samozÅ™ejmÄ› dobrovolnÃ© ale je to dÅ¯leÅ¾itÃ© proto Å¾e je ÃºplnÄ› evidentnÃ­ Å¾e jedinÄ› to oÄkovÃ¡nÃ­ ochrÃ¡nÃ­ naÅ¡e Å¾ivoty vrÃ¡tÃ­ do normÃ¡lu my se samozÅ™ejmÄ› do toho normÃ¡lu vracÃ­me ale nezapomÃ­nejme na to Å¾e ten koho vy tady stÃ¡le je a ano mÃ¡me 
nÄ›jakÃ½ poÄet lidÃ­ v nemocnicÃ­ch ale je to podstatnÄ› menÅ¡Ã­ neÅ¾ neÅ¾ pÅ™ed rokem a my jsme nakoupili i ty 
pÅ™Ã­pravky na protilÃ¡tky teÄ je tady novÃ½ pÅ™Ã­pravek edessy by mÃ¡ kterÃ½ se podÃ¡vÃ¡ s tÃ­m vÃ¡m lany na mÃ©m a jÃ¡ jsem poÅ¾Ã¡dal ministra zdravotnictvÃ­ aby toto umoÅ¾nil podÃ¡vat i po praktiku v ambulanci protoÅ¾e nÄ›kteÅ™Ã­ z vÃ¡s zkrÃ¡tka nechtÄ›jÃ­ do nemocnice chodÃ­ praktiky kovy a bylo by fajn kdyby to praktici podÃ¡vali skuteÄnÄ› to zÃ¡chranÄ› Å¾ivoty bavila nevÃ­m a pÅ™iÅ¡el patnÃ¡ctÃ©ho druhy jsou skvÄ›lÃ© zkuÅ¡enostÃ­ zaraÅ¾enÃ© ronem a mÄ›li by jsme na to myslet proto Å¾e ano nÄ›kteÅ™Ã­ majÃ­ komplikace ale toto je urÄitÄ› urÄitÄ› ochrÃ¡nÃ­ 
dalÅ¡Ã­ vÄ›c bych jsem se rÃ¡d vyjÃ¡dÅ™il ze v mÃ©diÃ­ch Äasto 
Ätete nÄ›jakÃ© vÄ›ci kterÃ© jsou nepÄ›nÃ­ ÃºplnÄ› sprÃ¡vnÃ© ke kateÅ™inÄ› kritizovali a zabije titulek Å¾e auta se spalovacÃ­mi motory budeme dÃ¡l vyrÃ¡bÄ›t odmÃ­tl baby zÃ¡kaz u ale jÃ¡ jsem pÅ™esnÄ› v rozstÅ™elu Å™ekl my nebudeme souhlasit aby doÅ¡lo k zÃ¡kazu prodeje a se spalovacÃ­mi motory a Å¡koda auto jasnÄ› Å™ekla Å¾e bude dÃ¡l vyrÃ¡bÄ›t spalovacÃ­ motory takÅ¾e pro ty kteÅ™Ã­ v nÄ›j kritizovali Å¾e rozhodl o vÃ½robÄ› tak by bylo dobrÃ© to pÅ™eÄÃ­st tady rozhovor martinem jÃ¡nem kterÃ½ Å™Ã­kÃ¡ jakÃ¡ je strategie Å¾e od roku dvaatÅ™icet bude z jejich vÃ½roby padesÃ¡t aÅ¾ sedmdesÃ¡t procent vozÅ¯ na elektrickÃ½ pohon takÅ¾e nadÃ¡le budou vyrÃ¡bÄ›t alta ze spalovacÃ­ motory a jÃ¡ neÅ™Ã­kÃ¡m Å¾e pokud mi u toho budeme nebudeme souhlasit se zÃ¡kazem prodeje a jÃ¡ jsem straÅ¡nÄ› rÃ¡d Å¾e tady Å¡Ã©f Å¡kody tomÃ¡Å¡e fr koneÄnÄ› mluvÃ­ o tom Å¾e jsou tady nÄ›jakÃ½ zÃ¡kaznÃ­ci nÄ›jakÃ½ lidi kupujÃ­ auta 
a ty fanatici v evropskÃ©m parlamentu kterÃ½ to vymysleli a kterÃ½ ohroÅ¾uje nÃ¡Å¡ prÅ¯mysl naÅ¡Ã­ zamÄ›stnanost jsou udÄ›lajÃ­ oni tlaÄÃ­ na ty automobilky aby zkrÃ¡tka to bylo neekonomickÃ© takÅ¾e co to znamenÃ¡ Å¾e auto bude luxus jestli to nebude moci koupit kaÅ¾dÃ½ Å¾e pirÃ¡ti Å™Ã­kÃ¡ Å¾e budeme mÃ­t jenom kola nebo nebo nebo jak to bude vlastnÄ› takÅ¾e to je dobrÃ¡ zprÃ¡va a bylo by dobrÃ© se nad tÃ­m zamyslet jak to vlastnÄ› proto Å¾e toto je mÃ³da mÃ³da a jÃ¡ pevnÄ› vÄ›Å™Ã­m Å¾e tyhle zelenÃ½ v evropskÃ©m parlamentu u nÃ¡s ty pirÃ¡ti Å¾e to dlouho nebude trvat kdyÅ¾ ty lidi zjistÃ­ je zkrÃ¡tka tyhle nÃ¡pady nejsou pro nÃ¡s dobrÃ© 
tom tÃ½dnu jsem navÅ¡tÃ­vil 
vÃ½stava natura viva 
mluvil jsem s myslivci kterÃ½ mi Å™ekli co je trÃ¡pÃ­ Å¾e by chtÄ›li minimÃ¡lnÄ› plochu honitby udrÅ¾et na pÄ›t set hektarech pan jureÄka panÃ­ pekarovÃ¡ ÃºdajnÄ› majÃ­ s tÃ­m problÃ©m Å¾e se musÃ­me pÅ™ipravit na africkÃ½ mor Å¾e stÃ¡tnÃ­ sprÃ¡va byrokratickÃ¡ potom jsem mluvil i rybÃ¡Å™i ty mÄ›ly v rÃ¡mci kovy koridu velkÃ½ nÃ¡rÅ¯st o deset tisÃ­c ÄlenÅ¯ celkovÄ› mÃ¡me tÅ™i sta tÅ™icet tisÃ­c rybÃ¡Å™Å¯ a oni jsou celkem spokojeni samozÅ™ejmÄ› nechtÄ›jÃ­ i rÅ¯znÃ© nÃ¡pady evropskÃ©ho parlamentu zÃ¡kaz olova protoÅ¾e to nesmysl to olovo se rozpouÅ¡tÃ­ ale zÅ¯stane na dnÄ› Å™eky a obaly se kou rostlinou takÅ¾e s tÃ­m nesouhlasÃ­ majÃ­ problÃ©m s vÃ½skytem vyder takÅ¾e bylo to zajÃ­mavÃ© jejich jejich nÃ¡zory no a potom jsem se zastavil takÃ© u vÄelaÅ™Å¯ kterÃ½ jsou taky spokojeni nechtÄ›jÃ­ nic zmÄ›nit 
majÃ­ padesÃ¡t Å¡est tisÃ­c ÄlenÅ¯ Å™Ã­kajÃ­ Å¾e nejlepÅ¡Ã­mi je v praze velice zajÃ­mavÃ© mÃ­sto padesÃ¡t let vÃ½roÄÃ­ svazu a majÃ­ tady to plemeno krajka a nechtÄ›jÃ­ ne takÅ¾e taky zajÃ­mavÃ© no a potom jsem byl u zahrÃ¡dkÃ¡Å™Å¯ kterÃ½ se samozÅ™ejmÄ› nadÅ¡enÃ½ Å¾e majÃ­ ten zÃ¡kona prosÃ­m vÃ¡s jÃ¡ bych znovu zopakoval tady nÄ›kdo stÃ¡le vyklÃ¡dÃ¡ nesmysly o pandemii a o zahrad zÃ¡kon 
tedka jsme vidÄ›li horkou kampaÅˆ pirÃ¡tÅ¯ oni si to dali na autobus takÅ¾e jenom zopakuji Å¾e proÄ jsme mÄ›li stÃ¡le ve snÄ›movnÄ› schÅ¯ze o pandemii no aby se tam mohla opozice producÃ­rovat prodej sÃ½rovÃ© a mÃ½ty nÃ¡vrhy kterÃ© samozÅ™ejmÄ› nemÄ›li Å¾Ã¡dnou odpovÄ›Ä jÃ¡ jsem tehdÃ¡ vystoupil a Å™ekl jsem prosÃ­m vÃ¡s je tady plno zÃ¡konÅ¯ je napÅ™Ã­klad zahrÃ¡dkÃ¡Å™skÃ½ tak to Å™eÅ¡Ã­me no tak oni teÄka stÃ¡le mluvÃ­ Å¾e jsem to podceÅˆovanÃ½ to pravda mÄ› velice zklamalo Å¾e ten autobus je jenom zase antibabiÅ¡ ta beÄva prosÃ­m vÅ¡ichni vÄ›dÄ›li od zÃ¡Å™Ã­ dvaadvacet Å¾e je to energo akorÃ¡t vÅ¡ichni to vÄ›dÄ›li a vÅ¡ichni zahÃ¡lÃ­ gazdÃ­k a spol je to fakt ubohÃ© je to fakt ubohost a znovu tam mÃ¡te tÅ™icet tisÃ­c mrtvÃ½ch mÄ›li jste z toho radost Å¾e vÃ¡m stoupaly preference nebo jste tam dali jeÅ¡tÄ› Å¾elezniÄnÃ­ neÅ¡tÄ›stÃ­ jako fakt nerozumÃ­m jÃ¡ si myslel Å¾e volby jsou po nÄ›jakÃ©m programu ale stÃ¡le zÅ¯stÃ¡vÃ¡ v tom anti dÃ¡le antibabiÅ¡ 
a potom jeÅ¡tÄ› 
bych chtÄ›l Å™Ã­ct Å¾e je tady nÄ›jakÃ¡ kritika mobilnÃ­ data mobilnÃ­ data dneska to moÅ¾nÃ¡ bude zase v tom proti babiÅ¡ovi ÃºzkÃ©m poÅ™adu veÄer od roku dva tisÃ­ce jedenÃ¡ct mobilnÃ­ data klesly o desetinÃ¡sobek gra od desetinÃ¡sobek a dÄ›lali jsme proto maximum takÅ¾e to taky je dezinformace vÃ¡Å¾enÃ­ pÅ™Ã¡telÃ© dvacet Å¡est dnÃ­ dovolenÃ© a bude to peklo ty Ãºtoky budou stÃ¡le horÅ¡Ã­ a horÅ¡Ã­ dezinformace lÅ¾Ã­ o mnÄ› ohnutÃ­ nevÄ›Å™te ÄeskÃ¡ republika prosperuje jsme osmÃ¡ nejbezpeÄnÄ›jÅ¡Ã­ zemÄ› na svÄ›tÄ› nemÃ¡me tady ilegÃ¡lnÃ­ migranty navÃ½Å¡ili jsme dÅ¯chody lidi majÃ­ vyÅ¡Å¡Ã­ pÅ™Ã­jmy investuje se a jÃ¡ jsem byl za vÃ¡ma byl jsem byl jsem na zahradÄ› ÄlovÄ›k litomÄ›Å™icÃ­ch byl se v peruci na doÅ¾Ã­nkÃ¡ch byl se v roudnici nad labe na koncerte michala davida pecka a bylo snad devÄ›t tisÃ­c lidÃ­ byl jsem na vÃ½stavÄ› natura viva lidi majÃ­ radost ano kovy konÄÃ­ vracÃ­me se do normÃ¡lu takÅ¾e zaÅ¾Ã­vÃ¡me nejlepÅ¡Ã­ obdobÃ­ historii samostatnÃ©ho Äeska takÅ¾e ano my jsme udÄ›lali proto maximum mÃ¡me konkrÃ©tnÃ­ vÃ½sledky mÃ¡me data mÃ¡me ÄÃ­sla aby to pÅ™ece sami vidÃ­te takÅ¾e nevÄ›Å™te informaci nemÄ›jte obavu pokud my budeme ve vlÃ¡dÄ› tak se nÃ¡m bude daÅ™it dobÅ™e pamatujte si to dÄ›kuji vÃ¡m ",0,babiÅ¡ ano hnutÃ­ 2011 zeman miloÅ¡ premiÃ©r vlÃ¡da ods fiala kdu Ässd financÃ­ ÄapÃ­ okamura spd filip pirÃ¡ti hÅ™ib dÃ­ky vÃ¡m kampaÅˆ dÅ¯chody dÅ¯chodci dÅ¯chod malÃ¡ÄovÃ¡ koronavirus covid-19 covid19cz erouÅ¡ka mapy.cz,"c(0, 10, 20, 30, 40, 50, 60, 70, 80, 90, 100, 110, 120, 130, 140, 150, 160, 170, 180, 190, 200, 210, 220, 230, 240, 250, 260, 270, 280, 290, 300, 310, 321, 330, 340, 350, 360, 370, 380, 390, 400, 410, 420, 430, 440, 450, 460, 470, 480, 490, 500, 510, 520, 530, 540, 550, 560, 571, 580, 590, 600, 610, 620, 630, 640, 650, 660, 670, 680, 690, 700, 710, 720, 730, 740, 750, 760, 770, 780, 790, 800, 810, 820, 830, 840, 850, 860, 870, 880, 890, 900, 910, 920, 930, 940, 950, 960, 970, 980, 990, 1000, 1010, 
1020, 1031, 1040, 1050, 1060, 1070, 1080, 1090, 1100) c(""vÃ¡Å¾enÃ­ pÅ™Ã¡telÃ© dÃ¡my a pÃ¡novÃ© vÃ­tÃ¡m vÃ¡s v mÃ©m poÅ™adu Äau lidi \r\nurÄitÄ› znÃ¡te dÄ›lÃ¡m to od dubna dva sedm nÃ¡s "", ""a dÃ¡ to celkem dost prÃ¡ce i kdyÅ¾ je to vÄ›tÅ¡inou kolem dvaceti minut videa ale dÄ›lÃ¡m to vÃ­c neÅ¾ pÅ¯lku nedÄ›le dohledÃ¡vat"", "" data informace aby vÃ¡s skuteÄnÄ› sdÄ›lil tu pravdu a tento poÅ™ad samozÅ™ejmÄ› je velice kritizovÃ¡n Å¾e bych"", "" nemÄ›l sdÄ›lovat informace ale jÃ¡ jsem Äetl Å¾e je to asi nejvÃ­c sledovÃ¡ny politickÃ½ poÅ™ad na youtube a vÄ›Å™te mi Å¾e mi velice"", 
"" zÃ¡leÅ¾Ã­ na tom aby vÃ¡m kaÅ¾dou nedÄ›li sdÄ›loval co jsem udÄ›lal co se dÄ›je a jakÃ© mÃ¡me nÃ¡zory na to co Ätete mediÃ¡lnÃ­m"", "" prostoru Äasto ty informace nejsou sprÃ¡vnÃ© tak teÄ se novÃ©ho no tak novÃ©ho je to Å¾e"", "" velkÃ© tÃ©ma pro opozici je inflace jÃ¡ uÅ¾ jsem jednou vlastnÄ› komentoval Å¾e opozice nÃ¡s obviÅˆuje"", "" z inflace samozÅ™ejmÄ› je to nesmysl protoÅ¾e kdyÅ¾ se podÃ­vÃ¡me jakÃ© inflace napÅ™Ã­klad ve spojenÃ½ch stÃ¡tech celÃ© ÄtyÅ™i procenta nebo polsku"", "" pÄ›t celÃ© ÄtyÅ™i maÄarsku ÄtyÅ™i devÄ›t a v Äesku asi ÄtyÅ™i jedna tak co je hlavnÃ­m dÅ¯vodem no samozÅ™ejmÄ› zdraÅ¾ily suroviny ropa zdraÅ¾ila"", 
"" o ÄtyÅ™icet ÄtyÅ™i procent plyn o devadesÃ¡t ÄtyÅ™i procent lÃ­nÃ­ ÄtyÅ™icet sedm procent meÄ dvacet Å¡est procent bavlna dvacet dva procent cukr"", "" dvacet na procent a opozice Å™Ã­kÃ¡ za to mÅ¯Å¾e vlÃ¡da uplny nesmysl ÃºplnÃ½ nesmysl a je to ekonomicky byly toto"", "" ekonomicky diletanti kteÅ™Ã­ tomu skuteÄnÄ› nerozumÃ­ a snaÅ¾Ã­ se vÃ¡m vnutit zase nÄ›co Å¾e vlÃ¡da nÄ›co dÄ›lÃ¡ Å¡patnÄ› \r\ntÅ™eba"", "" si pÅ™eÄÃ­st skuteÄnÄ› ÄlÃ¡nky napÅ™Ã­klad jako pan michl nebojte se inflace to chce klid a hlavnÄ› prosÃ­m vÃ¡s je potÅ™eba aby"", 
"" ti kteÅ™Ã­ se tvÃ¡Å™Ã­ Å¾e chce ji Äechy Å™Ã­dit tuto zemi by mÄ›li vÄ›dÄ›t Å¾e inflace inflace vÃ½voj cen mÃ¡ v naÅ¡Ã­"", "" zemi na starosti ÃºstavnÄ› nezÃ¡vislÃ¡ centrÃ¡lnÃ­ banka tedy ÄeskÃ¡ nÃ¡rodnÃ­ banka kterÃ¡ je plnÄ› profesionÃ¡lnÃ­ a naÅ¡e centrÃ¡lnÃ­ banka boj"", "" s inflacÃ­ umÃ­ a kdyby se jednalo o nÃ¡znak setrvalÃ©ho vÃ½voje tak urÄitÄ› rÃ¡znÄ› zasÃ¡hne a mÃ¡ k tomuto instrumenty zkuÅ¡enÃ½ tÃ½m takÅ¾e je to povinnosti"", "" centrÃ¡lnÃ­ banky aby obÄanÅ¯m vysvÄ›tlila svoji politiku a cenovÃ½ vÃ½voj a samozÅ™ejmÄ› je to i o dÅ¯vÄ›ryhodnosti Äi en"", 
"" p a mÃ¡ to popisu prÃ¡ce co se tÃ½Äe energy ano praskÃ¡ praÅ¾skÃ¡ firma myslÃ­m Å¾e se jmenuje praÅ¾skÃ¡ plynÃ¡renskÃ¡"", "" nebo energetickÃ¡ oznÃ¡mila navÃ½Å¡enÃ­ cen energiÃ­ tam kde my mÃ¡me vliv Äez a je Å¡koda Å¾e ho naÅ¡i pÅ™edchÅ¯dci"", "" koalice spolu privatizovat mÄ›l by se podstatnÄ› vyÅ¡Å¡Ã­ vÄ›tÅ¡Ã­ vliv tak tam si myslÃ­me Å¾e to nenÃ­ namÃ­stÄ› takÅ¾e jeÅ¡tÄ›"", "" bych rÃ¡d sdÄ›lil koalici spolu kdyÅ¾ nÃ¡s teda tak kritizujÃ­ Å¾e mÃ¡me tady taky vzpomÃ­nku na"", "" zaÄÃ¡tek roku dva tisÃ­ce osm tehdÃ¡ byla inflace se mÃ¡ pÅ¯l procenta a tehda pan premiÃ©r topolÃ¡nek a ministr financÃ­ kalousek zvyÅ¡ovat danÄ› zvÃ½Å¡Ã­"", 
"" lidÃ© b a a vÅ¡echno zdraÅ¾ily a my dÄ›lÃ¡me tady pravÃ½ opak proto Å¾e zkrÃ¡tka i kdyÅ¾ mÃ¡me"", "" deficitnÃ­ rozpoÄet tak se dÃ¡ Å™Ã­ct Å¾e ten deficit se pÅ™estÄ›hoval ze stÃ¡tnÃ­ho rozpoÄtu na ÃºÄty obyvatelstva "", ""ano a mÃ­sto toho aby skuteÄnÄ› objektivnÄ› bylo posouzeno naÅ¡e zadluÅ¾enÃ­ kterÃ© jedno z nej niÅ¾Å¡Ã­ch a znovu vÃ¡m ukÃ¡Å¾u"", "" ten graf novou vÃ¡m ukÃ¡Å¾u tady to je dluh sektoru vlÃ¡dnÃ­ch institucÃ­ jo pÅ™edpoklad tento rok stÃ¡le niÅ¾Å¡Ã­"", "" neÅ¾ nÃ¡m to odevzdala koalice spolu takÅ¾e prosÃ­m vÃ¡s neÅ™Ã­kejte ty nepravdy naÅ¡e zemÄ› na tom velice dobÅ™e velice dobÅ™e"", 
"" teÄka nechci \r\nÅ™Ã­kat ano stouply \r\nÃºspory obyvatelstva dramaticky ale ne"", "" vÅ¡em se stejnÄ› daÅ™Ã­ je samozÅ™ejmÄ› problÃ©m a my se budeme snaÅ¾it aby se daÅ™ilo vÅ¡em dobÅ™e ale nenastaly twig dramatickÃ© scÃ©nÃ¡Å™e mÃ¡me stÃ¡le plno zamestnana"", "" firmy shÃ¡nÄ›j zamÄ›stnance a zkrÃ¡tka naÅ¡e zemÄ› zaÅ¾Ã­vÃ¡ jedno z nejlepÅ¡Ã­ obdobÃ­"", "" nebo nejlepÅ¡Ã­ obdobÃ­ od vzniku samostatnÃ©ho Äeska a co je velice dobrÃ© a je nesmysl pokud nÄ›kdo Å™Ã­kÃ¡ Å¾e kdy jsme snÃ­Å¾ili danÄ› pro lidi"", 
"" je to zapÅ™Ã­Äinilo inflaci ne obÄanÃ© nakupujÃ­ s rozmyslem nesnaÅ¾Ã­ se vyhazet penÃ­ze na cokoliv a chovajÃ­ se zodpovÄ›dnÄ›"", "" takÅ¾e nenÃ­ to tak Å¾e tÃ½m Å¾e jsme dali penÃ­ze lidem Å¾e by zpÅ¯sobily nÄ›jakÃ½mi extrÃ©mnÃ­m vysokÃ½mi nÃ¡kupy"", "" tu inflaci je to nesmysl a samozÅ™ejmÄ› proÄ je ta inflace no proto Å¾e doÅ¡lo k pÅ™eruÅ¡enÃ­ dodavatelskÃ½ch Å™etÄ›zcÅ¯ a teÄ kdyÅ¾ vlastnÄ›"", "" uÅ¾ ta situace s klidem je podstatnÄ› lepÅ¡Ã­ jak byla no tak je velkÃ¡ poptÃ¡vka na surovinu a to vlastnÄ› zapÅ™Ã­ÄiÅˆuje tu situaci"", 
"" jeÅ¡tÄ› k danÃ­m tady mÃ¡m znovu tabulku snÃ­Å¾ili jsme danÄ› pÄ›t set miliard korun takÅ¾e platÃ­ to co mi stÃ¡le"", "" Å™Ã­kÃ¡me \r\nnenechte se straÅ¡it prosÃ­m nenechte se straÅ¡it nenÃ­ to pravda co Å™Ã­kaj a proto my Å™Ã­kÃ¡me hnutÃ­ ano"", "" Å¾e jdeme do voleb jako dvacÃ­tka Å¾e prÅ¯mÄ›rnÃ½ dÅ¯chod bude roce dva tisÃ­ce pÄ›t dvacet tisÃ­c ano"", "" my jsme umÄ›li sniÅ¾ovat dlu budeme ho sniÅ¾ovat a nemÃ¡te se Äeho bÃ¡t i rÅ¯znÃ© nesmyslnÃ© vyjÃ¡dÅ™enÃ­ rÅ¯znÃ½ch"", "" pop ekonomÅ¯ kteÅ™Ã­ nebyli nikdy v reÃ¡lu na svÃ½ch pozicÃ­ch prosÃ­m vÃ¡s nevÄ›Å™te nevÄ›Å™ili tomu naÅ¡e veÅ™ejnÃ© finance se na to velice dobÅ™e "", 
""a my jsme se taky panÃ­ Å¡ilerovÃ¡ po vila vlastnÃ­ iniciativu rakouskÃ©ho ministra financÃ­ kterÃ½ pÅ™iÅ¡el"", "" a vyzval evropskou komisi na zachovÃ¡nÃ­ odpovÄ›dnÄ› fiskÃ¡lnÃ­ politiky zajiÅ¡Å¥ujÃ­cÃ­ udrÅ¾itelnÃ© veÅ™ejnÃ© finance"", "" jÃ¡ jsem nedÃ¡vno potkal ministra mi premiÃ©ra kanclÃ©Å™e sebastiana kurz mi Å™ek Å¾e jsou zadluÅ¾eni osmdesÃ¡t pÄ›t procent slovÃ¡ci majÃ­ Å¡edesÃ¡t"", "" my mÃ¡me stÃ¡le ÄtyÅ™icet ÄtyÅ™i a mÃ¡me Å¡estÃ¡ nejmÃ©nÄ› zadluÅ¾enÃ¡ zemÄ› takÅ¾e pÅ™edvolba mÃ¡m vÃ¡s tady nÄ›kdo stÃ¡le straÅ¡Ã­ "", 
""je to samozÅ™ejmÄ› nesmysl jsme na tom velice dobÅ™e a pokud my budeme ve vlÃ¡dÄ› jako hnutÃ­ ano tak budeme na tomto budeme na tom dobÅ™e"", "" takÅ¾e \r\njeÅ¡tÄ› bych chtÄ›l k tomu Å™Ã­ct jednu vÄ›c tady \r\nmoÅ¾nÃ¡ se sledovali ty debaty "", ""denÃ­ku \r\nkaÅ¾dou stÅ™edu a pokud se na to podÃ­vÃ¡te tak zjistÃ­te Å¾e Å¾e ta panÃ­ redaktorka nenÃ­ ÃºplnÄ›"", "" korektnÃ­ a je to vlastnÄ› jak u moravce kde uÅ¾ nechodÃ­m protoÅ¾e tam to bylo vÅ¾dycky sÃ¡m proti tÅ™em a tady je to stejnÃ½ a co je nejhorÅ¡Ã­ Å¾e ta panÃ­ redaktorka"", 
"" udÄ›lala rozhovor s takovÃ½m pop ekonomem kterÃ½ tam brutÃ¡lnÄ› Å™Ã­kÃ¡ nepravdy kterÃ½ Å™Ã­kÃ¡ Å¾e na obsluhu stÃ¡tnÃ­ho dluhu"", "" bylo ÄtyÅ™icet miliard ale zÃ¡hy se dostaneme na ÄÃ¡stku sto miliard to je neuvÄ›Å™itelnÃ¡ leÅ¾ proto Å¾e"", "" ta sprÃ¡vnÃ¡ ÄÃ¡stka na obsluhu dluhu mimochodem koalice spolu kdyÅ¾ konÄila tak v roce dva tÅ™i nÃ¡s to bylo padesÃ¡t sedm celÃ© osm miliardy "", ""a skuteÄnost za rok dvaadvacet jiÅ¾ ÄtyÅ™icet miliard a vÃ½hled dvacet jedna ÄtyÅ™icet dva takÅ¾e Å¾Ã¡dnÃ½ sto"", 
"" lijÃ¡k a mÄ› velice mrzÃ­ Å¾e panÃ­ redaktorka si neovÄ›Å™Ã­ ty ÄÃ­sla staÄÃ­ zavolat na mimi financÃ­ a tam vÃ¡m to Å™eknou takÅ¾e"", "" potom takovÃ© dle pop ekonom Å™ekne nÄ›jakÃ½ nesmysl a vÅ¡ichni to opakujÃ­ a samozÅ™ejmÄ› nenÃ­ to nenÃ­"", "" to pravda takÅ¾e tolik k tomu k tÄ›mto vÄ›cem jsme na tom dobÅ™e zaÅ¾Ã­vÃ¡me nejlepÅ¡Ã­ obdobÃ­ "", ""a jÃ¡ chodÃ­m mezi lidi a oni to vÄ›dÃ­ oni totiÅ¾ vidÃ­ vidÃ­ to kaÅ¾dÃ½ den Å¾e dÃ­ky naÅ¡Ã­ vlÃ¡da dÃ­ky hlavnÄ› hnutÃ­ ano"", "" je na tom velice dobÅ™e ne rychle k oÄkovÃ¡nÃ­ \r\nano my jsme dosÃ¡hli uÅ¾ "", 
""\r\nprvnÃ­ dÃ¡vku \r\nvÃ­ce neÅ¾ Å¡est milionÅ¯ osob \r\nteÄ \r\norganizujeme"", "" vlastnÄ› posilovacÃ­ vakcÃ­nu to znamenÃ¡ Å¾e primÃ¡rnÄ› je to pro lidi starÅ¡Ã­ Å¡edesÃ¡t let mÄ›li by se hlavnÄ› oÄkovat"", "" zdravotnictvÃ­ je zamÄ›stnanci zaÅ™Ã­zenÃ­ sociÃ¡lnÃ­ pÃ©Äe budete dostÃ¡vat esemesky \r\nvÅ¡ichni ti kteÅ™Ã­ byli na oÄkovÃ¡nÃ­ pÅ™ed osmi"", "" mÄ›sÃ­ci tak dostanou esemesku je to samozÅ™ejmÄ› dobrovolnÃ© ale je to dÅ¯leÅ¾itÃ© proto Å¾e je ÃºplnÄ› evidentnÃ­ Å¾e jedinÄ›"", "" to oÄkovÃ¡nÃ­ ochrÃ¡nÃ­ naÅ¡e Å¾ivoty vrÃ¡tÃ­ do normÃ¡lu my se samozÅ™ejmÄ› do toho normÃ¡lu vracÃ­me ale nezapomÃ­nejme"", 
"" na to Å¾e ten koho vy tady stÃ¡le je a ano mÃ¡me \r\nnÄ›jakÃ½ poÄet lidÃ­ v nemocnicÃ­ch ale je to "", ""podstatnÄ› menÅ¡Ã­ neÅ¾ neÅ¾ pÅ™ed rokem a my jsme nakoupili i ty \r\npÅ™Ã­pravky na"", "" protilÃ¡tky teÄ je tady novÃ½ pÅ™Ã­pravek edessy by mÃ¡ kterÃ½ se podÃ¡vÃ¡ s tÃ­m vÃ¡m lany na mÃ©m a jÃ¡ jsem poÅ¾Ã¡dal ministra zdravotnictvÃ­"", "" aby toto umoÅ¾nil podÃ¡vat i po praktiku v ambulanci protoÅ¾e nÄ›kteÅ™Ã­ z vÃ¡s zkrÃ¡tka nechtÄ›jÃ­ do nemocnice chodÃ­ praktiky kovy"", "" a bylo by fajn kdyby to praktici podÃ¡vali skuteÄnÄ› to zÃ¡chranÄ› Å¾ivoty bavila nevÃ­m a pÅ™iÅ¡el patnÃ¡ctÃ©ho druhy jsou skvÄ›lÃ©"", 
"" zkuÅ¡enostÃ­ zaraÅ¾enÃ© ronem a mÄ›li by jsme na to myslet proto Å¾e ano nÄ›kteÅ™Ã­ majÃ­ komplikace"", "" ale toto je urÄitÄ› urÄitÄ› ochrÃ¡nÃ­ \r\ndalÅ¡Ã­ vÄ›c bych jsem se rÃ¡d vyjÃ¡dÅ™il ze v mÃ©diÃ­ch"", "" Äasto \r\nÄtete nÄ›jakÃ© vÄ›ci kterÃ© jsou nepÄ›nÃ­ ÃºplnÄ› sprÃ¡vnÃ© ke kateÅ™inÄ› kritizovali a zabije titulek Å¾e auta"", "" se spalovacÃ­mi motory budeme dÃ¡l vyrÃ¡bÄ›t odmÃ­tl baby zÃ¡kaz u ale jÃ¡ jsem pÅ™esnÄ› v rozstÅ™elu Å™ekl my nebudeme souhlasit aby"", "" doÅ¡lo k zÃ¡kazu prodeje a se spalovacÃ­mi motory a Å¡koda auto jasnÄ› Å™ekla Å¾e bude dÃ¡l vyrÃ¡bÄ›t spalovacÃ­ motory takÅ¾e pro ty kteÅ™Ã­ v nÄ›j kritizovali"", 
"" Å¾e rozhodl o vÃ½robÄ› tak by bylo dobrÃ© to pÅ™eÄÃ­st tady rozhovor martinem jÃ¡nem kterÃ½ Å™Ã­kÃ¡ jakÃ¡ je strategie Å¾e od roku dvaatÅ™icet"", "" bude z jejich vÃ½roby padesÃ¡t aÅ¾ sedmdesÃ¡t procent vozÅ¯ na elektrickÃ½ pohon takÅ¾e nadÃ¡le budou vyrÃ¡bÄ›t alta ze spalovacÃ­"", "" motory a jÃ¡ neÅ™Ã­kÃ¡m Å¾e pokud mi u toho budeme nebudeme souhlasit se zÃ¡kazem prodeje a jÃ¡ jsem straÅ¡nÄ› rÃ¡d Å¾e tady Å¡Ã©f Å¡kody tomÃ¡Å¡e fr"", "" koneÄnÄ› mluvÃ­ o tom Å¾e jsou tady nÄ›jakÃ½ zÃ¡kaznÃ­ci nÄ›jakÃ½ lidi kupujÃ­ auta \r\na ty fanatici v evropskÃ©m parlamentu kterÃ½ to vymysleli"", 
"" a kterÃ½ ohroÅ¾uje nÃ¡Å¡ prÅ¯mysl naÅ¡Ã­ zamÄ›stnanost jsou udÄ›lajÃ­ oni tlaÄÃ­ na ty automobilky aby zkrÃ¡tka"", "" to bylo neekonomickÃ© takÅ¾e co to znamenÃ¡ Å¾e auto bude luxus jestli to nebude moci koupit kaÅ¾dÃ½ Å¾e pirÃ¡ti Å™Ã­kÃ¡ Å¾e budeme"", "" mÃ­t jenom kola nebo nebo nebo jak to bude vlastnÄ› takÅ¾e to je dobrÃ¡ zprÃ¡va a bylo by dobrÃ© se nad tÃ­m zamyslet jak"", "" to vlastnÄ› proto Å¾e toto je mÃ³da mÃ³da a jÃ¡ pevnÄ› vÄ›Å™Ã­m Å¾e tyhle zelenÃ½ v evropskÃ©m"", "" parlamentu u nÃ¡s ty pirÃ¡ti Å¾e to dlouho nebude trvat kdyÅ¾ ty lidi zjistÃ­ je zkrÃ¡tka tyhle nÃ¡pady nejsou pro nÃ¡s dobrÃ©"", 
"" \r\ntom tÃ½dnu jsem navÅ¡tÃ­vil \r\nvÃ½stava natura viva \r\nmluvil"", "" jsem s myslivci kterÃ½ mi Å™ekli co je trÃ¡pÃ­ Å¾e by chtÄ›li minimÃ¡lnÄ› plochu honitby udrÅ¾et na pÄ›t set hektarech pan jureÄka panÃ­ pekarovÃ¡"", "" ÃºdajnÄ› majÃ­ s tÃ­m problÃ©m Å¾e se musÃ­me pÅ™ipravit na africkÃ½ mor Å¾e stÃ¡tnÃ­ sprÃ¡va byrokratickÃ¡ potom jsem mluvil"", "" i rybÃ¡Å™i ty mÄ›ly v rÃ¡mci kovy koridu velkÃ½ nÃ¡rÅ¯st o deset tisÃ­c ÄlenÅ¯ celkovÄ› mÃ¡me tÅ™i sta tÅ™icet tisÃ­c rybÃ¡Å™Å¯ a"", "" oni jsou celkem spokojeni samozÅ™ejmÄ› nechtÄ›jÃ­ i rÅ¯znÃ© nÃ¡pady evropskÃ©ho parlamentu zÃ¡kaz olova protoÅ¾e to nesmysl to olovo se rozpouÅ¡tÃ­ "", 
""ale zÅ¯stane na dnÄ› Å™eky a obaly se kou rostlinou takÅ¾e s tÃ­m nesouhlasÃ­ majÃ­ problÃ©m "", ""s vÃ½skytem vyder takÅ¾e bylo to zajÃ­mavÃ© jejich jejich nÃ¡zory no a potom jsem se zastavil"", "" takÃ© u vÄelaÅ™Å¯ kterÃ½ jsou taky spokojeni nechtÄ›jÃ­ nic zmÄ›nit \r\nmajÃ­ padesÃ¡t Å¡est tisÃ­c ÄlenÅ¯ Å™Ã­kajÃ­ "", ""Å¾e nejlepÅ¡Ã­mi je v praze velice zajÃ­mavÃ© mÃ­sto padesÃ¡t let vÃ½roÄÃ­ svazu a majÃ­ tady to plemeno"", "" krajka a nechtÄ›jÃ­ ne takÅ¾e taky zajÃ­mavÃ© no a potom jsem byl u zahrÃ¡dkÃ¡Å™Å¯ kterÃ½ se samozÅ™ejmÄ› nadÅ¡enÃ½ Å¾e majÃ­"", 
"" ten zÃ¡kona prosÃ­m vÃ¡s jÃ¡ bych znovu zopakoval tady nÄ›kdo stÃ¡le vyklÃ¡dÃ¡ nesmysly o pandemii a o zahrad"", "" zÃ¡kon \r\ntedka jsme vidÄ›li horkou kampaÅˆ pirÃ¡tÅ¯ oni si to dali na autobus takÅ¾e jenom zopakuji "", ""Å¾e proÄ jsme mÄ›li stÃ¡le ve snÄ›movnÄ› schÅ¯ze o pandemii no aby se tam mohla opozice producÃ­rovat prodej sÃ½rovÃ©"", "" a mÃ½ty nÃ¡vrhy kterÃ© samozÅ™ejmÄ› nemÄ›li Å¾Ã¡dnou odpovÄ›Ä jÃ¡ jsem tehdÃ¡ vystoupil a Å™ekl jsem prosÃ­m vÃ¡s je tady plno zÃ¡konÅ¯ je napÅ™Ã­klad zahrÃ¡dkÃ¡Å™skÃ½ tak"", 
"" to Å™eÅ¡Ã­me no tak oni teÄka stÃ¡le mluvÃ­ Å¾e jsem to podceÅˆovanÃ½ to pravda mÄ› velice zklamalo Å¾e ten autobus"", "" je jenom zase antibabiÅ¡ ta beÄva prosÃ­m vÅ¡ichni vÄ›dÄ›li od zÃ¡Å™Ã­ dvaadvacet Å¾e je to energo akorÃ¡t vÅ¡ichni to vÄ›dÄ›li a vÅ¡ichni zahÃ¡lÃ­ gazdÃ­k"", "" a spol je to fakt ubohÃ© je to fakt ubohost a znovu tam mÃ¡te tÅ™icet tisÃ­c mrtvÃ½ch mÄ›li jste z toho radost Å¾e vÃ¡m stoupaly preference nebo"", "" jste tam dali jeÅ¡tÄ› Å¾elezniÄnÃ­ neÅ¡tÄ›stÃ­ jako fakt nerozumÃ­m jÃ¡ si myslel Å¾e volby jsou po nÄ›jakÃ©m programu ale stÃ¡le zÅ¯stÃ¡vÃ¡ v tom anti "", 
""dÃ¡le antibabiÅ¡ \r\na potom jeÅ¡tÄ› \r\nbych chtÄ›l Å™Ã­ct Å¾e je tady nÄ›jakÃ¡ kritika mobilnÃ­ data"", "" mobilnÃ­ data dneska to moÅ¾nÃ¡ bude zase v tom proti babiÅ¡ovi ÃºzkÃ©m poÅ™adu veÄer od roku dva tisÃ­ce jedenÃ¡ct mobilnÃ­ data klesly"", "" o desetinÃ¡sobek gra od desetinÃ¡sobek a dÄ›lali jsme proto maximum takÅ¾e to taky je"", "" dezinformace vÃ¡Å¾enÃ­ pÅ™Ã¡telÃ© dvacet Å¡est dnÃ­ dovolenÃ© a bude to peklo ty Ãºtoky budou stÃ¡le horÅ¡Ã­ a horÅ¡Ã­ dezinformace"", "" lÅ¾Ã­ o mnÄ› ohnutÃ­ nevÄ›Å™te ÄeskÃ¡ republika prosperuje jsme osmÃ¡ nejbezpeÄnÄ›jÅ¡Ã­ zemÄ› na svÄ›tÄ›"", 
"" nemÃ¡me tady ilegÃ¡lnÃ­ migranty navÃ½Å¡ili jsme dÅ¯chody lidi majÃ­ vyÅ¡Å¡Ã­ pÅ™Ã­jmy investuje se a jÃ¡ jsem byl za vÃ¡ma "", ""byl jsem byl jsem na zahradÄ› ÄlovÄ›k litomÄ›Å™icÃ­ch byl se v peruci na doÅ¾Ã­nkÃ¡ch byl se v roudnici nad labe na koncerte michala davida pecka a bylo"", "" snad devÄ›t tisÃ­c lidÃ­ byl jsem na vÃ½stavÄ› natura viva lidi majÃ­ radost ano kovy konÄÃ­ vracÃ­me se do normÃ¡lu "", ""takÅ¾e zaÅ¾Ã­vÃ¡me nejlepÅ¡Ã­ obdobÃ­ historii samostatnÃ©ho Äeska takÅ¾e ano my "", ""jsme udÄ›lali proto maximum mÃ¡me konkrÃ©tnÃ­ vÃ½sledky mÃ¡me data mÃ¡me ÄÃ­sla aby to pÅ™ece sami vidÃ­te takÅ¾e nevÄ›Å™te"", 
"" informaci nemÄ›jte obavu pokud my budeme ve vlÃ¡dÄ› tak se nÃ¡m bude daÅ™it dobÅ™e pamatujte si "", ""to dÄ›kuji vÃ¡m "")",2021-09-13T23:24:44.6299786Z,
6d0ab5da95c669d9ccfb74e89b03988e,Youtube,video,andrej-babis,2021-09-12T00:00:00+02:00,nd-eMo7Ra9U,https://www.youtube.com/watch?v=nd-eMo7Ra9U,"VÅ¡e, co potÅ™ebujete vÄ›dÄ›t o podvodu jmÃ©nem PIRÃTOSTAN
58 sekund. VÅ¡e, co potÅ™ebujete vÄ›dÄ›t o podvodu jmÃ©nem PIRÃTOSTAN v jednom videu. Radek VondrÃ¡Äek to shrnul skvÄ›le ğŸ™‚

vy mluvÃ­te o moci prosÃ­m vÃ¡s podÃ­vejte jÃ¡ myslÃ­m Å¾e ztrÃ¡cÃ­te proto Å¾e koneÄnÄ› ti lidÃ© protoÅ¾e jste mÄ›li chvilku vyÅ¡Å¡Ã­ preference takÃ© zjistili co jste zaÄ a hlavnÄ› vÃ¡Å¡ vÃ¡Å¡ partner co konkrÃ©tnÄ› protoÅ¾e po jan dokument tÅ™etÃ­ jÃ¡ vÃ¡m Å™eknu jeden konkrÃ©tnÃ­ argumentech jmenuje se se starostovÃ© a tÅ™eba u nÃ¡s ve zlÃ­nskÃ©m kraji mÃ¡te jenom dva starosty na kandidÃ¡tce my jsme tam mÄ›li ÄtyÅ™i a divu zapoÄÃ­tÃ¡vat pana hejtmana kterÃ½ jeÅ¡tÄ› donedÃ¡vna byl starosta doÅ¾ila tak pÄ›t jak chodÃ­m prÃ¡vu se mu Å™Ã­kÃ¡ parazitovÃ¡nÃ­ na povÄ›sti zapoÄalo dÃ¡vÃ¡te mÄ› mÄ›li tam kterÃ½ jsem osm let nepodporovali je to zvyÅ¡uje podporovali mÄ›la v dobÄ› kdy to byl vlastnÄ› odtrÅ¾enÃ½ kus klade uÄesal pak se to chvilku zkouÅ¡eli sklade ÃºÄes nevyÅ¡lo tatÃ­nek sdÃ­lÃ­ panem bÄ›lobrÃ¡dka demokracie 
jste se dali dohromady s marxisty vy nemÃ¡te vÅ¯bec Å¾Ã¡dnÃ© nejsou geologickÃ© 
dÃ¡le 
jste nÃ¡Å¡ program a je vÃ¡m jedno ale Å¾e budete u to takhle vÃ­me o tom Å¾e chcete nÄ›co o moci ",0,babiÅ¡ ano hnutÃ­ 2011 zeman miloÅ¡ premiÃ©r vlÃ¡da ods fiala kdu Ässd financÃ­ ÄapÃ­ okamura spd filip pirÃ¡ti hÅ™ib dÃ­ky vÃ¡m kampaÅˆ dÅ¯chody dÅ¯chodci dÅ¯chod malÃ¡ÄovÃ¡ koronavirus covid-19 covid19cz erouÅ¡ka mapy.cz,"c(0, 10, 20, 30, 40, 50) c(""vy mluvÃ­te o moci prosÃ­m vÃ¡s podÃ­vejte jÃ¡ myslÃ­m Å¾e ztrÃ¡cÃ­te proto Å¾e koneÄnÄ› ti lidÃ© protoÅ¾e jste mÄ›li chvilku vyÅ¡Å¡Ã­ preference takÃ© zjistili co jste zaÄ a hlavnÄ› vÃ¡Å¡"", "" vÃ¡Å¡ partner co konkrÃ©tnÄ› protoÅ¾e po jan dokument tÅ™etÃ­ jÃ¡ vÃ¡m Å™eknu jeden konkrÃ©tnÃ­ argumentech jmenuje se se starostovÃ© a tÅ™eba u nÃ¡s ve zlÃ­nskÃ©m kraji mÃ¡te jenom dva starosty na"", "" kandidÃ¡tce my jsme tam mÄ›li ÄtyÅ™i a divu zapoÄÃ­tÃ¡vat pana hejtmana kterÃ½ jeÅ¡tÄ› donedÃ¡vna byl starosta doÅ¾ila tak pÄ›t jak chodÃ­m prÃ¡vu se mu Å™Ã­kÃ¡ parazitovÃ¡nÃ­ na povÄ›sti zapoÄalo dÃ¡vÃ¡te mÄ› mÄ›li"", 
"" tam kterÃ½ jsem osm let nepodporovali je to zvyÅ¡uje podporovali mÄ›la v dobÄ› kdy to byl vlastnÄ› odtrÅ¾enÃ½ kus klade uÄesal pak se to chvilku zkouÅ¡eli sklade ÃºÄes"", "" nevyÅ¡lo tatÃ­nek sdÃ­lÃ­ panem bÄ›lobrÃ¡dka demokracie \r\njste se dali dohromady s marxisty vy nemÃ¡te vÅ¯bec Å¾Ã¡dnÃ© nejsou geologickÃ© \r\ndÃ¡le "", ""\r\njste nÃ¡Å¡ program a je vÃ¡m jedno ale Å¾e budete u to takhle vÃ­me o tom Å¾e chcete nÄ›co o moci "")",2021-09-13T23:24:40.4469157Z,
e0fec79d1c164bcdd7762a751b10bb9f,Youtube,video,andrej-babis,2021-09-12T00:00:00+02:00,WRRxLZjicjc,https://www.youtube.com/watch?v=WRRxLZjicjc,"Budu brÃ¡nit vaÅ¡e dÅ¯chody ğŸ’ª
Budu brÃ¡nit vaÅ¡e dÅ¯chody. AÅ¾ do roztrhÃ¡nÃ­ tÄ›la!",0,babiÅ¡ ano hnutÃ­ 2011 zeman miloÅ¡ premiÃ©r vlÃ¡da ods fiala kdu Ässd financÃ­ ÄapÃ­ okamura spd filip pirÃ¡ti hÅ™ib dÃ­ky vÃ¡m kampaÅˆ dÅ¯chody dÅ¯chodci dÅ¯chod malÃ¡ÄovÃ¡ koronavirus covid-19 covid19cz erouÅ¡ka mapy.cz,"",2021-09-13T23:24:30.5211556Z,
f65432ade2a8c92eb603eb872bb8dc18,Youtube,video,andrej-babis,2021-09-12T00:00:00+02:00,_-UzmOVkGbk,https://www.youtube.com/watch?v=_-UzmOVkGbk,"Je 26 dnÃ­ do voleb a jÃ¡ vÃ¡m chci Å™Ã­ct nÄ›co hroznÄ› dÅ¯leÅ¾itÃ©ho
Je 26 dnÃ­ do voleb a jÃ¡ vÃ¡m chci Å™Ã­ct nÄ›co hroznÄ› dÅ¯leÅ¾itÃ©ho.

vÃ¡Å¾enÃ­ pÅ™Ã¡telÃ© dvacet Å¡est dnÃ­ do voleb a bude to peklo ty Ãºtoky budou stÃ¡le horÅ¡Ã­ a horÅ¡Ã­ dezinformace lÅ¾i o mnÄ› ohnutÃ­ nevÄ›Å™te ÄeskÃ¡ republika prosperuje jsme osmÃ¡ nejbezpeÄnÄ›jÅ¡Ã­ zemÄ› na svÄ›tÄ› nemÃ¡me tady ilegÃ¡lnÃ­ migranty navÃ½Å¡ili jsme dÅ¯chody lidi majÃ­ vyÅ¡Å¡Ã­ pÅ™Ã­jmy investuje se a jÃ¡ jsem byl za vÃ¡ma byl jsem byl jsem na zahradÄ› ÄlovÄ›k v litomÄ›Å™icÃ­ch byl se v peruci na doÅ¾Ã­nkÃ¡ch byl se v roudnici nad labem na koncerte michala davida pecka bylo snad devÄ›t tisÃ­c lidÃ­ byl jsem na vÃ½stavÄ› natura viva lidi majÃ­ radost ano kovy konÄÃ­ vracÃ­me se do normÃ¡lu takÅ¾e sa dÃ­vÃ¡me nejlepÅ¡Ã­ obdobÃ­ historii samostatnÃ©ho Äeska 
takÅ¾e ano my jsme udÄ›lali proto maximum mÃ¡me konkrÃ©tnÃ­ vÃ½sledky mÃ¡me data mÃ¡me ÄÃ­sla aby to pÅ™ece sami vidÃ­te takÅ¾e nevÄ›Å™te tÃ½m informacÃ­m nemÄ›jte obavu pokud my budeme ve vlÃ¡dÄ› tak se nÃ¡m bude daÅ™it dobÅ™e pamatujte si to dÄ›kuji vÃ¡m ",0,babiÅ¡ ano hnutÃ­ 2011 zeman miloÅ¡ premiÃ©r vlÃ¡da ods fiala kdu Ässd financÃ­ ÄapÃ­ okamura spd filip pirÃ¡ti hÅ™ib dÃ­ky vÃ¡m kampaÅˆ dÅ¯chody dÅ¯chodci dÅ¯chod malÃ¡ÄovÃ¡ koronavirus covid-19 covid19cz erouÅ¡ka mapy.cz,"c(0, 10, 20, 30, 40, 50, 60, 70) c(""vÃ¡Å¾enÃ­ pÅ™Ã¡telÃ© dvacet Å¡est dnÃ­ do voleb a bude to peklo ty Ãºtoky budou stÃ¡le horÅ¡Ã­ a horÅ¡Ã­ dezinformace lÅ¾i o mnÄ› "", ""ohnutÃ­ nevÄ›Å™te ÄeskÃ¡ republika prosperuje jsme osmÃ¡ nejbezpeÄnÄ›jÅ¡Ã­ zemÄ› na svÄ›tÄ› nemÃ¡me tady ilegÃ¡lnÃ­ migranty"", "" navÃ½Å¡ili jsme dÅ¯chody lidi majÃ­ vyÅ¡Å¡Ã­ pÅ™Ã­jmy investuje se a jÃ¡ jsem byl za vÃ¡ma byl jsem byl jsem na zahradÄ› ÄlovÄ›k"", "" v litomÄ›Å™icÃ­ch byl se v peruci na doÅ¾Ã­nkÃ¡ch byl se v roudnici nad labem na koncerte michala davida pecka bylo snad devÄ›t tisÃ­c lidÃ­ byl jsem"", 
"" na vÃ½stavÄ› natura viva lidi majÃ­ radost ano kovy konÄÃ­ vracÃ­me se do normÃ¡lu takÅ¾e sa dÃ­vÃ¡me nejlepÅ¡Ã­"", "" obdobÃ­ historii samostatnÃ©ho Äeska \r\ntakÅ¾e ano my jsme udÄ›lali proto maximum mÃ¡me konkrÃ©tnÃ­"", "" vÃ½sledky mÃ¡me data mÃ¡me ÄÃ­sla aby to pÅ™ece sami vidÃ­te takÅ¾e nevÄ›Å™te tÃ½m informacÃ­m nemÄ›jte"", "" obavu pokud my budeme ve vlÃ¡dÄ› tak se nÃ¡m bude daÅ™it dobÅ™e pamatujte si to dÄ›kuji vÃ¡m "")",2021-09-13T23:24:35.9105436Z,
